ID,Name,StudyHours,Attendance,Marks,Grade,Result,PerformanceScore
342,Student_342,5.3,84,99.9,A,Pass,85.67
300,Student_300,1.8,53,99.8,A,Pass,75.96
115,Student_115,6.7,99,99.8,A,Pass,90.25
103,Student_103,3.8,79,99.7,A,Pass,83.9
631,Student_631,7.4,59,99.7,A,Pass,78.26
702,Student_702,1.5,57,99.6,A,Pass,77.01
848,Student_848,10.0,62,99.6,A,Pass,79.36
4,Student_4,6.4,73,99.6,A,Pass,82.3
52,Student_52,8.0,88,99.5,A,Pass,86.9
277,Student_277,8.2,90,99.5,A,Pass,87.52
26,Student_26,8.1,59,99.5,A,Pass,78.21
796,Student_796,8.8,75,99.3,A,Pass,82.96
252,Student_252,4.5,94,99.1,A,Pass,88.11
466,Student_466,4.4,82,99.1,A,Pass,84.5
512,Student_512,4.8,63,99.0,A,Pass,78.78
820,Student_820,4.0,97,99.0,A,Pass,88.9
106,Student_106,3.2,69,99.0,A,Pass,80.42
497,Student_497,6.3,99,99.0,A,Pass,89.73
415,Student_415,6.7,97,98.9,A,Pass,89.11
873,Student_873,6.8,79,98.9,A,Pass,83.72
886,Student_886,2.6,85,98.8,A,Pass,85.04
553,Student_553,6.0,73,98.7,A,Pass,81.72
964,Student_964,4.5,95,98.7,A,Pass,88.17
142,Student_142,3.3,53,98.6,A,Pass,75.39
588,Student_588,2.2,57,98.6,A,Pass,76.48
69,Student_69,1.7,64,98.5,A,Pass,78.47
215,Student_215,7.4,54,98.1,A,Pass,75.8
203,Student_203,2.5,64,98.1,A,Pass,78.31
510,Student_510,7.5,90,98.0,A,Pass,86.55
839,Student_839,6.2,96,98.0,A,Pass,88.22
88,Student_88,6.7,62,97.9,A,Pass,78.01
479,Student_479,9.7,91,97.9,A,Pass,87.01
601,Student_601,2.5,94,97.8,A,Pass,87.13
859,Student_859,6.1,77,97.8,A,Pass,82.39
803,Student_803,6.2,51,97.8,A,Pass,74.6
408,Student_408,1.1,56,97.8,A,Pass,75.59
86,Student_86,3.9,79,97.8,A,Pass,82.77
822,Student_822,1.0,64,97.7,A,Pass,77.92
144,Student_144,3.7,69,97.6,A,Pass,79.63
11,Student_11,1.2,86,97.5,A,Pass,84.42
294,Student_294,4.2,77,97.5,A,Pass,82.02
188,Student_188,6.0,78,97.4,A,Pass,82.44
891,Student_891,7.5,93,97.4,A,Pass,87.09
915,Student_915,6.0,99,97.4,A,Pass,88.74
815,Student_815,8.8,75,97.4,A,Pass,81.82
384,Student_384,8.9,65,97.4,A,Pass,78.83
943,Student_943,6.9,56,97.3,A,Pass,75.87
161,Student_161,4.3,98,97.3,A,Pass,88.21
713,Student_713,5.2,96,97.3,A,Pass,87.7
662,Student_662,9.9,63,97.0,A,Pass,78.09
941,Student_941,3.5,84,96.9,A,Pass,83.69
441,Student_441,1.8,71,96.7,A,Pass,79.5
232,Student_232,5.5,55,96.6,A,Pass,75.01
870,Student_870,9.5,53,96.6,A,Pass,74.81
732,Student_732,8.3,95,96.5,A,Pass,87.23
363,Student_363,5.1,70,96.4,A,Pass,79.35
573,Student_573,4.6,55,96.3,A,Pass,74.74
410,Student_410,1.8,93,96.2,A,Pass,85.8
43,Student_43,1.3,72,96.2,A,Pass,79.45
253,Student_253,8.7,100,96.2,A,Pass,88.59
343,Student_343,2.6,62,96.0,A,Pass,76.46
692,Student_692,4.8,99,95.9,A,Pass,87.72
55,Student_55,6.4,80,95.8,A,Pass,82.12
957,Student_957,5.7,91,95.8,A,Pass,85.35
226,Student_226,3.2,83,95.7,A,Pass,82.64
903,Student_903,2.6,64,95.6,A,Pass,76.82
27,Student_27,2.8,65,95.6,A,Pass,77.14
22,Student_22,2.3,94,95.6,A,Pass,85.79
74,Student_74,8.3,74,95.4,A,Pass,80.27
50,Student_50,2.7,67,95.2,A,Pass,77.49
242,Student_242,9.6,92,95.1,A,Pass,85.62
593,Student_593,2.6,91,95.1,A,Pass,84.62
770,Student_770,8.4,90,95.0,A,Pass,84.84
488,Student_488,3.5,58,94.9,A,Pass,74.69
739,Student_739,5.0,63,94.8,A,Pass,76.28
639,Student_639,3.4,69,94.6,A,Pass,77.8
597,Student_597,7.0,51,94.6,A,Pass,72.76
860,Student_860,1.6,84,94.6,A,Pass,82.12
708,Student_708,8.3,81,94.5,A,Pass,81.83
579,Student_579,5.4,52,94.4,A,Pass,72.78
400,Student_400,7.8,73,94.4,A,Pass,79.32
959,Student_959,2.5,90,94.4,A,Pass,83.89
495,Student_495,5.2,57,94.4,A,Pass,74.26
390,Student_390,8.3,78,94.4,A,Pass,80.87
620,Student_620,7.7,61,94.2,A,Pass,75.59
169,Student_169,1.4,67,94.1,A,Pass,76.7
744,Student_744,5.5,77,94.1,A,Pass,80.11
405,Student_405,3.9,74,94.0,A,Pass,78.99
813,Student_813,2.1,77,94.0,A,Pass,79.71
173,Student_173,5.6,81,93.7,A,Pass,81.08
501,Student_501,7.3,56,93.6,A,Pass,73.69
650,Student_650,5.5,61,93.6,A,Pass,75.01
897,Student_897,3.6,70,93.6,A,Pass,77.52
160,Student_160,7.6,72,93.5,A,Pass,78.46
782,Student_782,5.9,61,93.4,A,Pass,74.93
969,Student_969,6.1,91,93.3,A,Pass,83.89
817,Student_817,6.3,61,93.3,A,Pass,74.91
236,Student_236,7.5,89,93.2,A,Pass,83.37
304,Student_304,6.7,99,93.2,A,Pass,86.29
123,Student_123,3.9,64,93.2,A,Pass,75.51
899,Student_899,1.1,77,93.0,A,Pass,79.01
507,Student_507,9.2,71,92.9,A,Pass,77.96
516,Student_516,1.2,72,92.9,A,Pass,77.46
462,Student_462,6.8,82,92.8,A,Pass,80.96
849,Student_849,5.5,71,92.8,A,Pass,77.53
59,Student_59,1.4,94,92.7,A,Pass,83.96
461,Student_461,2.1,82,92.7,A,Pass,80.43
642,Student_642,3.9,61,92.7,A,Pass,74.31
869,Student_869,8.8,62,92.6,A,Pass,75.04
299,Student_299,6.6,71,92.6,A,Pass,77.52
699,Student_699,2.4,65,92.5,A,Pass,75.24
741,Student_741,5.2,54,92.4,A,Pass,72.16
606,Student_606,5.1,74,92.4,A,Pass,78.15
269,Student_269,4.2,61,92.4,A,Pass,74.16
366,Student_366,4.5,86,92.4,A,Pass,81.69
574,Student_574,6.6,88,92.3,A,Pass,82.44
463,Student_463,7.7,90,92.2,A,Pass,83.09
863,Student_863,5.7,91,92.2,A,Pass,83.19
60,Student_60,3.9,83,92.1,A,Pass,80.55
885,Student_885,8.2,91,91.9,A,Pass,83.26
585,Student_585,6.7,82,91.9,A,Pass,80.41
875,Student_875,1.2,56,91.8,A,Pass,72.0
240,Student_240,2.6,90,91.7,A,Pass,82.28
73,Student_73,1.0,71,91.7,A,Pass,76.42
432,Student_432,7.9,81,91.6,A,Pass,80.05
595,Student_595,9.1,63,91.5,A,Pass,74.71
769,Student_769,4.1,62,91.5,A,Pass,73.91
527,Student_527,4.7,78,91.5,A,Pass,78.77
494,Student_494,2.7,61,91.4,A,Pass,73.41
561,Student_561,7.3,99,91.3,A,Pass,85.21
894,Student_894,4.6,96,91.2,A,Pass,83.98
621,Student_621,2.7,85,91.1,A,Pass,80.43
53,Student_53,9.5,66,91.1,A,Pass,75.41
442,Student_442,9.9,100,91.0,A,Pass,85.59
241,Student_241,9.5,62,90.8,A,Pass,74.03
896,Student_896,2.8,71,90.8,A,Pass,76.06
930,Student_930,3.3,98,90.8,A,Pass,84.21
149,Student_149,1.5,59,90.7,A,Pass,72.27
759,Student_759,9.0,53,90.7,A,Pass,71.22
551,Student_551,5.7,70,90.5,A,Pass,75.87
29,Student_29,6.3,66,90.5,A,Pass,74.73
246,Student_246,9.4,85,90.5,A,Pass,80.74
167,Student_167,3.9,84,90.5,A,Pass,79.89
367,Student_367,9.7,69,90.5,A,Pass,75.97
261,Student_261,6.5,88,90.4,A,Pass,81.29
998,Student_998,2.2,99,90.4,A,Pass,84.16
350,Student_350,6.6,81,90.4,A,Pass,79.2
563,Student_563,2.2,100,90.2,A,Pass,84.34
831,Student_831,3.0,99,90.0,A,Pass,84.0
635,Student_635,2.0,79,89.9,B,Pass,77.84
359,Student_359,9.5,66,89.9,B,Pass,74.69
641,Student_641,1.2,92,89.8,B,Pass,81.6
604,Student_604,1.8,63,89.8,B,Pass,72.96
537,Student_537,8.6,81,89.7,B,Pass,78.98
919,Student_919,7.9,88,89.7,B,Pass,81.01
888,Student_888,3.1,53,89.7,B,Pass,70.03
128,Student_128,8.7,53,89.7,B,Pass,70.59
35,Student_35,9.7,63,89.6,B,Pass,73.63
541,Student_541,9.6,59,89.6,B,Pass,72.42
325,Student_325,9.6,78,89.5,B,Pass,78.06
712,Student_712,6.4,71,89.4,B,Pass,75.58
978,Student_978,1.5,85,89.4,B,Pass,79.29
71,Student_71,8.0,53,89.3,B,Pass,70.28
768,Student_768,8.9,67,89.3,B,Pass,74.57
714,Student_714,4.7,83,89.3,B,Pass,78.95
533,Student_533,10.0,67,89.3,B,Pass,74.68
476,Student_476,9.9,99,89.3,B,Pass,84.27
528,Student_528,3.5,81,89.1,B,Pass,78.11
258,Student_258,7.3,81,89.1,B,Pass,78.49
239,Student_239,6.8,97,89.0,B,Pass,83.18
57,Student_57,1.8,84,89.0,B,Pass,78.78
116,Student_116,8.8,53,88.8,B,Pass,70.06
222,Student_222,6.1,78,88.7,B,Pass,77.23
940,Student_940,6.2,64,88.5,B,Pass,72.92
61,Student_61,4.5,52,88.4,B,Pass,69.09
450,Student_450,1.8,65,88.4,B,Pass,72.72
323,Student_323,6.9,61,88.3,B,Pass,71.97
599,Student_599,2.7,54,88.3,B,Pass,69.45
912,Student_912,3.4,76,88.3,B,Pass,76.12
979,Student_979,5.5,52,88.2,B,Pass,69.07
369,Student_369,2.8,68,88.2,B,Pass,73.6
508,Student_508,8.4,75,88.2,B,Pass,76.26
956,Student_956,4.4,52,88.2,B,Pass,68.96
688,Student_688,3.5,88,88.2,B,Pass,79.67
143,Student_143,5.5,57,88.1,B,Pass,70.51
280,Student_280,8.2,80,88.0,B,Pass,77.62
216,Student_216,3.1,62,87.9,B,Pass,71.65
486,Student_486,9.1,58,87.9,B,Pass,71.05
767,Student_767,7.9,83,87.9,B,Pass,78.43
867,Student_867,2.4,51,87.7,B,Pass,68.16
312,Student_312,1.7,50,87.7,B,Pass,67.79
628,Student_628,7.7,52,87.7,B,Pass,68.99
948,Student_948,9.1,63,87.7,B,Pass,72.43
21,Student_21,6.5,90,87.7,B,Pass,80.27
483,Student_483,5.1,60,87.6,B,Pass,71.07
492,Student_492,6.6,90,87.6,B,Pass,80.22
865,Student_865,4.6,79,87.4,B,Pass,76.6
62,Student_62,3.4,86,87.4,B,Pass,78.58
576,Student_576,9.5,100,87.3,B,Pass,83.33
332,Student_332,7.8,100,87.3,B,Pass,83.16
765,Student_765,1.3,68,87.3,B,Pass,72.91
453,Student_453,4.8,69,87.2,B,Pass,73.5
162,Student_162,6.7,58,87.2,B,Pass,70.39
330,Student_330,3.2,64,87.1,B,Pass,71.78
347,Student_347,6.7,78,87.1,B,Pass,76.33
159,Student_159,3.1,96,87.1,B,Pass,81.37
287,Student_287,5.2,68,87.0,B,Pass,73.12
36,Student_36,8.3,64,86.9,B,Pass,72.17
100,Student_100,2.0,93,86.8,B,Pass,80.18
248,Student_248,9.7,87,86.6,B,Pass,79.03
395,Student_395,4.1,99,86.6,B,Pass,82.07
193,Student_193,9.1,61,86.5,B,Pass,71.11
983,Student_983,2.0,55,86.5,B,Pass,68.6
478,Student_478,6.0,83,86.5,B,Pass,77.4
211,Student_211,5.9,86,86.5,B,Pass,78.29
648,Student_648,7.1,96,86.4,B,Pass,81.35
467,Student_467,3.6,62,86.3,B,Pass,70.74
130,Student_130,5.6,86,86.2,B,Pass,78.08
205,Student_205,6.5,57,86.2,B,Pass,69.47
927,Student_927,3.4,99,86.1,B,Pass,81.7
575,Student_575,8.8,91,86.0,B,Pass,79.78
199,Student_199,9.0,54,85.9,B,Pass,68.64
378,Student_378,1.2,74,85.9,B,Pass,73.86
77,Student_77,7.9,82,85.9,B,Pass,76.93
880,Student_880,3.0,62,85.7,B,Pass,70.32
830,Student_830,5.1,95,85.7,B,Pass,80.43
271,Student_271,8.3,51,85.7,B,Pass,67.55
290,Student_290,6.3,59,85.7,B,Pass,69.75
136,Student_136,3.9,73,85.6,B,Pass,73.65
393,Student_393,4.3,76,85.6,B,Pass,74.59
18,Student_18,5.7,61,85.4,B,Pass,70.11
810,Student_810,2.0,97,85.4,B,Pass,80.54
458,Student_458,5.2,99,85.4,B,Pass,81.46
33,Student_33,1.6,71,85.3,B,Pass,72.64
244,Student_244,4.3,74,85.3,B,Pass,73.81
926,Student_926,1.2,82,85.2,B,Pass,75.84
598,Student_598,2.6,86,85.2,B,Pass,77.18
382,Student_382,7.3,64,85.1,B,Pass,70.99
728,Student_728,8.2,61,85.1,B,Pass,70.18
990,Student_990,8.4,54,84.9,B,Pass,67.98
547,Student_547,2.0,56,84.9,B,Pass,67.94
221,Student_221,6.9,81,84.9,B,Pass,75.93
292,Student_292,1.3,81,84.7,B,Pass,75.25
664,Student_664,3.1,58,84.6,B,Pass,68.47
618,Student_618,3.5,50,84.6,B,Pass,66.11
924,Student_924,8.2,85,84.4,B,Pass,76.96
592,Student_592,6.8,72,84.4,B,Pass,72.92
189,Student_189,5.8,58,84.3,B,Pass,68.56
922,Student_922,5.4,67,84.3,B,Pass,71.22
154,Student_154,5.4,98,84.2,B,Pass,80.46
179,Student_179,9.4,58,84.2,B,Pass,68.86
341,Student_341,5.4,66,84.1,B,Pass,70.8
283,Student_283,4.4,94,84.0,B,Pass,79.04
129,Student_129,1.1,61,84.0,B,Pass,68.81
262,Student_262,9.9,80,84.0,B,Pass,75.39
525,Student_525,8.5,94,83.9,B,Pass,79.39
414,Student_414,6.2,87,83.8,B,Pass,77.0
757,Student_757,6.6,90,83.8,B,Pass,77.94
377,Student_377,8.6,98,83.8,B,Pass,80.54
7,Student_7,1.5,80,83.8,B,Pass,74.43
247,Student_247,4.9,76,83.7,B,Pass,73.51
374,Student_374,7.1,64,83.7,B,Pass,70.13
276,Student_276,5.5,98,83.6,B,Pass,80.11
257,Student_257,9.4,59,83.6,B,Pass,68.8
602,Student_602,3.5,90,83.6,B,Pass,77.51
742,Student_742,3.7,90,83.4,B,Pass,77.41
433,Student_433,6.6,60,83.4,B,Pass,68.7
907,Student_907,8.4,57,83.4,B,Pass,67.98
861,Student_861,8.0,57,83.3,B,Pass,67.88
303,Student_303,5.9,85,83.3,B,Pass,76.07
522,Student_522,4.4,68,83.2,B,Pass,70.76
184,Student_184,8.9,60,83.0,B,Pass,68.69
977,Student_977,6.4,82,82.8,B,Pass,74.92
709,Student_709,3.3,87,82.8,B,Pass,76.11
540,Student_540,2.2,77,82.7,B,Pass,72.94
530,Student_530,8.8,93,82.6,B,Pass,78.34
37,Student_37,3.7,56,82.5,B,Pass,66.67
331,Student_331,4.2,81,82.5,B,Pass,74.22
435,Student_435,1.8,74,82.5,B,Pass,71.88
996,Student_996,1.8,87,82.4,B,Pass,75.72
949,Student_949,8.9,62,82.4,B,Pass,68.93
776,Student_776,2.3,73,82.3,B,Pass,71.51
655,Student_655,4.9,77,82.2,B,Pass,72.91
608,Student_608,4.3,51,82.2,B,Pass,65.05
701,Student_701,5.8,91,82.1,B,Pass,77.14
491,Student_491,5.1,81,81.8,B,Pass,73.89
308,Student_308,3.9,61,81.7,B,Pass,67.71
105,Student_105,9.2,88,81.7,B,Pass,76.34
67,Student_67,2.3,93,81.7,B,Pass,77.15
908,Student_908,4.1,73,81.6,B,Pass,71.27
566,Student_566,6.3,85,81.6,B,Pass,75.09
760,Student_760,8.1,83,81.5,B,Pass,74.61
112,Student_112,2.5,94,81.5,B,Pass,77.35
164,Student_164,5.8,69,81.3,B,Pass,70.06
798,Student_798,6.1,84,81.3,B,Pass,74.59
777,Student_777,3.1,56,81.3,B,Pass,65.89
268,Student_268,7.3,78,81.3,B,Pass,72.91
721,Student_721,9.4,67,81.2,B,Pass,69.76
558,Student_558,1.3,93,81.2,B,Pass,76.75
975,Student_975,1.3,89,81.0,B,Pass,75.43
181,Student_181,4.1,63,80.8,B,Pass,67.79
734,Student_734,5.7,82,80.7,B,Pass,73.59
792,Student_792,6.3,98,80.6,B,Pass,78.39
918,Student_918,9.5,85,80.6,B,Pass,74.81
322,Student_322,7.4,84,80.6,B,Pass,74.3
556,Student_556,4.6,53,80.6,B,Pass,64.72
762,Student_762,3.8,95,80.4,B,Pass,77.12
580,Student_580,3.3,94,80.2,B,Pass,76.65
640,Student_640,4.4,57,80.2,B,Pass,65.66
3,Student_3,7.6,65,80.2,B,Pass,68.38
733,Student_733,7.0,53,80.1,B,Pass,64.66
443,Student_443,4.4,73,80.1,B,Pass,70.4
513,Student_513,9.4,60,80.1,B,Pass,67.0
622,Student_622,2.9,94,80.1,B,Pass,76.55
20,Student_20,3.6,75,79.9,C,Pass,70.8
407,Student_407,4.5,63,79.8,C,Pass,67.23
194,Student_194,6.7,91,79.7,C,Pass,75.79
5,Student_5,2.4,68,79.7,C,Pass,68.46
172,Student_172,1.1,52,79.6,C,Pass,63.47
928,Student_928,5.9,54,79.5,C,Pass,64.49
249,Student_249,9.7,56,79.4,C,Pass,65.41
383,Student_383,6.7,93,79.4,C,Pass,76.21
223,Student_223,1.8,100,79.4,C,Pass,77.82
475,Student_475,5.7,95,79.4,C,Pass,76.71
502,Student_502,5.8,60,79.3,C,Pass,66.16
417,Student_417,3.6,51,79.3,C,Pass,63.24
572,Student_572,8.1,85,79.2,C,Pass,73.83
548,Student_548,7.0,61,79.1,C,Pass,66.46
661,Student_661,4.2,99,79.1,C,Pass,77.58
446,Student_446,9.5,61,79.1,C,Pass,66.71
758,Student_758,5.8,60,79.1,C,Pass,66.04
97,Student_97,5.7,78,79.0,C,Pass,71.37
967,Student_967,7.5,75,78.9,C,Pass,70.59
786,Student_786,9.2,68,78.7,C,Pass,68.54
237,Student_237,3.5,77,78.7,C,Pass,70.67
565,Student_565,4.2,90,78.6,C,Pass,74.58
344,Student_344,4.9,90,78.6,C,Pass,74.65
212,Student_212,7.2,97,78.6,C,Pass,76.98
70,Student_70,9.9,98,78.5,C,Pass,77.49
316,Student_316,7.3,99,78.5,C,Pass,77.53
94,Student_94,6.1,95,78.4,C,Pass,76.15
963,Student_963,3.2,73,78.4,C,Pass,69.26
716,Student_716,9.4,75,78.2,C,Pass,70.36
171,Student_171,7.1,73,78.2,C,Pass,69.53
174,Student_174,3.0,84,78.2,C,Pass,72.42
346,Student_346,6.5,64,78.2,C,Pass,66.77
787,Student_787,6.3,78,78.2,C,Pass,70.95
738,Student_738,8.3,65,78.2,C,Pass,67.25
270,Student_270,3.6,88,78.2,C,Pass,73.68
485,Student_485,6.3,55,78.1,C,Pass,63.99
514,Student_514,8.8,67,78.1,C,Pass,67.84
554,Student_554,6.0,69,78.0,C,Pass,68.1
666,Student_666,2.4,69,78.0,C,Pass,67.74
653,Student_653,6.3,98,77.9,C,Pass,76.77
988,Student_988,4.9,98,77.8,C,Pass,76.57
902,Student_902,1.2,58,77.6,C,Pass,64.08
845,Student_845,2.3,64,77.6,C,Pass,65.99
206,Student_206,1.1,54,77.5,C,Pass,62.81
973,Student_973,7.6,95,77.5,C,Pass,75.76
119,Student_119,9.0,74,77.4,C,Pass,69.54
31,Student_31,6.5,75,77.4,C,Pass,69.59
549,Student_549,5.7,98,77.3,C,Pass,76.35
96,Student_96,5.4,98,77.2,C,Pass,76.26
852,Student_852,7.7,63,77.2,C,Pass,65.99
310,Student_310,3.4,66,77.2,C,Pass,66.46
695,Student_695,2.0,87,77.0,C,Pass,72.5
284,Student_284,1.8,84,77.0,C,Pass,71.58
117,Student_117,8.2,67,76.9,C,Pass,67.06
210,Student_210,2.4,55,76.9,C,Pass,62.88
505,Student_505,7.2,53,76.9,C,Pass,62.76
931,Student_931,2.3,84,76.8,C,Pass,71.51
740,Student_740,4.4,97,76.8,C,Pass,75.62
231,Student_231,8.2,82,76.8,C,Pass,71.5
380,Student_380,3.5,61,76.6,C,Pass,64.61
678,Student_678,4.6,61,76.6,C,Pass,64.72
710,Student_710,7.1,54,76.5,C,Pass,62.81
422,Student_422,8.1,66,76.5,C,Pass,66.51
76,Student_76,7.6,67,76.4,C,Pass,66.7
652,Student_652,5.8,98,76.4,C,Pass,75.82
793,Student_793,5.6,84,76.3,C,Pass,71.54
720,Student_720,7.6,99,76.2,C,Pass,76.18
965,Student_965,3.6,68,76.2,C,Pass,66.48
321,Student_321,5.9,85,76.2,C,Pass,71.81
818,Student_818,4.6,54,76.2,C,Pass,62.38
649,Student_649,8.1,86,76.1,C,Pass,72.27
219,Student_219,6.8,89,76.1,C,Pass,73.04
775,Student_775,8.2,50,76.1,C,Pass,61.48
48,Student_48,5.7,88,76.0,C,Pass,72.57
663,Student_663,6.5,51,76.0,C,Pass,61.55
636,Student_636,5.0,90,75.9,C,Pass,73.04
615,Student_615,8.9,84,75.9,C,Pass,71.63
340,Student_340,1.9,53,75.9,C,Pass,61.63
623,Student_623,4.3,72,75.6,C,Pass,67.39
305,Student_305,7.5,53,75.6,C,Pass,62.01
736,Student_736,8.9,68,75.6,C,Pass,66.65
654,Student_654,7.7,93,75.5,C,Pass,73.97
264,Student_264,5.7,85,75.4,C,Pass,71.31
314,Student_314,9.7,75,75.3,C,Pass,68.65
353,Student_353,6.9,63,75.3,C,Pass,64.77
630,Student_630,3.3,65,75.0,C,Pass,64.83
773,Student_773,2.1,94,74.9,C,Pass,73.35
220,Student_220,8.6,94,74.9,C,Pass,74.0
842,Student_842,7.0,85,74.8,C,Pass,71.08
318,Student_318,2.6,96,74.8,C,Pass,73.94
484,Student_484,6.6,52,74.7,C,Pass,61.08
752,Student_752,9.5,97,74.6,C,Pass,74.81
884,Student_884,1.9,91,74.6,C,Pass,72.25
890,Student_890,3.2,50,74.4,C,Pass,59.96
352,Student_352,8.7,96,74.3,C,Pass,74.25
643,Student_643,2.9,50,74.3,C,Pass,59.87
689,Student_689,7.9,80,74.3,C,Pass,69.37
851,Student_851,1.6,83,74.2,C,Pass,69.58
419,Student_419,7.1,57,73.9,C,Pass,62.15
267,Student_267,7.3,62,73.9,C,Pass,63.67
10,Student_10,7.4,72,73.7,C,Pass,66.56
429,Student_429,4.2,96,73.7,C,Pass,73.44
319,Student_319,2.4,78,73.7,C,Pass,67.86
320,Student_320,3.3,61,73.6,C,Pass,62.79
520,Student_520,2.4,94,73.6,C,Pass,72.6
581,Student_581,5.1,67,73.6,C,Pass,64.77
409,Student_409,9.1,66,73.6,C,Pass,64.87
755,Student_755,2.3,62,73.5,C,Pass,62.93
840,Student_840,6.7,64,73.5,C,Pass,63.97
6,Student_6,2.4,57,73.5,C,Pass,61.44
282,Student_282,4.0,73,73.3,C,Pass,66.28
288,Student_288,5.9,79,73.3,C,Pass,68.27
980,Student_980,6.4,58,73.2,C,Pass,61.96
44,Student_44,9.2,78,73.2,C,Pass,68.24
87,Student_87,7.6,62,73.0,C,Pass,63.16
147,Student_147,6.5,94,72.9,C,Pass,72.59
586,Student_586,3.2,84,72.8,C,Pass,69.2
447,Student_447,9.9,95,72.7,C,Pass,73.11
251,Student_251,3.7,92,72.7,C,Pass,71.59
857,Student_857,1.3,78,72.6,C,Pass,67.09
436,Student_436,7.3,82,72.6,C,Pass,68.89
826,Student_826,9.3,92,72.5,C,Pass,72.03
263,Student_263,2.3,67,72.5,C,Pass,63.83
829,Student_829,7.6,55,72.5,C,Pass,60.76
28,Student_28,5.6,56,72.4,C,Pass,60.8
609,Student_609,5.5,88,72.4,C,Pass,70.39
529,Student_529,1.5,100,72.4,C,Pass,73.59
472,Student_472,9.7,87,72.3,C,Pass,70.45
138,Student_138,7.3,62,72.1,C,Pass,62.59
15,Student_15,2.6,74,72.1,C,Pass,65.72
862,Student_862,5.1,65,72.0,C,Pass,63.21
746,Student_746,9.1,99,72.0,C,Pass,73.81
489,Student_489,9.6,88,72.0,C,Pass,70.56
402,Student_402,9.1,69,71.9,C,Pass,64.75
213,Student_213,6.9,62,71.8,C,Pass,62.37
120,Student_120,5.9,97,71.6,C,Pass,72.65
521,Student_521,6.3,100,71.6,C,Pass,73.59
944,Student_944,8.5,81,71.4,C,Pass,67.99
481,Student_481,6.7,98,71.4,C,Pass,72.91
430,Student_430,2.1,80,71.4,C,Pass,67.05
30,Student_30,1.4,72,71.3,C,Pass,64.52
459,Student_459,1.5,82,71.2,C,Pass,67.47
981,Student_981,4.0,57,71.2,C,Pass,60.22
361,Student_361,4.5,77,71.1,C,Pass,66.21
681,Student_681,8.4,99,71.0,C,Pass,73.14
333,Student_333,1.1,60,71.0,C,Pass,60.71
644,Student_644,3.9,69,71.0,C,Pass,63.69
49,Student_49,5.9,84,70.9,C,Pass,68.33
567,Student_567,4.5,83,70.8,C,Pass,67.83
690,Student_690,2.7,96,70.8,C,Pass,71.55
449,Student_449,4.4,64,70.8,C,Pass,62.12
993,Student_993,3.4,81,70.7,C,Pass,67.06
657,Student_657,3.6,64,70.7,C,Pass,61.98
882,Student_882,7.0,56,70.7,C,Pass,59.92
180,Student_180,2.2,53,70.7,C,Pass,58.54
114,Student_114,8.3,79,70.6,C,Pass,66.89
901,Student_901,2.9,75,70.6,C,Pass,65.15
265,Student_265,8.9,51,70.5,C,Pass,58.49
260,Student_260,1.9,79,70.4,C,Pass,66.13
91,Student_91,2.1,81,70.4,C,Pass,66.75
665,Student_665,1.9,86,70.4,C,Pass,68.23
509,Student_509,9.5,52,70.3,C,Pass,58.73
802,Student_802,2.4,59,70.3,C,Pass,60.12
79,Student_79,4.2,94,70.2,C,Pass,70.74
970,Student_970,5.3,81,70.2,C,Pass,66.95
947,Student_947,2.2,58,70.0,C,Pass,59.62
326,Student_326,7.6,60,69.9,D,Pass,60.7
473,Student_473,1.4,88,69.9,D,Pass,68.48
51,Student_51,9.7,91,69.8,D,Pass,70.15
985,Student_985,7.6,88,69.8,D,Pass,69.04
375,Student_375,1.6,83,69.8,D,Pass,66.94
700,Student_700,5.3,99,69.6,D,Pass,71.99
883,Student_883,1.2,98,69.5,D,Pass,71.22
397,Student_397,8.7,52,69.3,D,Pass,58.05
846,Student_846,4.7,53,69.3,D,Pass,57.95
660,Student_660,6.1,69,69.3,D,Pass,62.89
151,Student_151,9.2,83,69.3,D,Pass,67.4
933,Student_933,9.9,83,69.3,D,Pass,67.47
145,Student_145,3.6,78,69.3,D,Pass,65.34
751,Student_751,2.1,74,69.2,D,Pass,63.93
75,Student_75,7.4,62,69.2,D,Pass,60.86
800,Student_800,9.3,95,69.1,D,Pass,70.89
439,Student_439,7.4,57,69.1,D,Pass,59.3
371,Student_371,1.9,52,69.0,D,Pass,57.19
874,Student_874,4.7,60,69.0,D,Pass,59.87
133,Student_133,2.1,55,68.9,D,Pass,58.05
676,Student_676,9.8,100,68.9,D,Pass,72.32
315,Student_315,8.5,67,68.9,D,Pass,62.29
155,Student_155,9.9,52,68.6,D,Pass,57.75
961,Student_961,1.7,60,68.6,D,Pass,59.33
905,Student_905,4.8,73,68.6,D,Pass,63.54
856,Student_856,2.7,76,68.5,D,Pass,64.17
670,Student_670,3.6,84,68.3,D,Pass,66.54
532,Student_532,10.0,55,68.3,D,Pass,58.48
552,Student_552,8.7,80,68.3,D,Pass,65.85
613,Student_613,6.7,77,68.1,D,Pass,64.63
8,Student_8,8.8,70,67.9,D,Pass,62.62
420,Student_420,7.8,60,67.8,D,Pass,59.46
470,Student_470,9.7,88,67.8,D,Pass,68.05
872,Student_872,3.4,74,67.8,D,Pass,63.22
444,Student_444,4.3,90,67.7,D,Pass,68.05
273,Student_273,8.8,62,67.7,D,Pass,60.1
170,Student_170,6.3,66,67.7,D,Pass,61.05
584,Student_584,4.0,64,67.6,D,Pass,60.16
245,Student_245,1.1,91,67.6,D,Pass,67.97
451,Student_451,8.0,71,67.6,D,Pass,62.66
534,Student_534,6.0,68,67.6,D,Pass,61.56
158,Student_158,7.9,54,67.6,D,Pass,57.55
438,Student_438,8.4,90,67.5,D,Pass,68.34
370,Student_370,1.6,54,67.5,D,Pass,56.86
811,Student_811,9.9,51,67.5,D,Pass,56.79
724,Student_724,7.7,57,67.4,D,Pass,58.31
148,Student_148,5.5,95,67.3,D,Pass,69.43
797,Student_797,9.4,60,67.2,D,Pass,59.26
465,Student_465,9.7,79,67.1,D,Pass,64.93
124,Student_124,2.0,58,67.0,D,Pass,57.8
17,Student_17,3.7,74,67.0,D,Pass,62.77
971,Student_971,7.0,88,67.0,D,Pass,67.3
546,Student_546,4.2,82,67.0,D,Pass,65.22
394,Student_394,8.0,95,67.0,D,Pass,69.5
900,Student_900,1.8,58,66.9,D,Pass,57.72
302,Student_302,5.8,81,66.9,D,Pass,65.02
766,Student_766,6.1,55,66.8,D,Pass,57.19
583,Student_583,5.4,70,66.8,D,Pass,61.62
47,Student_47,3.8,79,66.8,D,Pass,64.16
844,Student_844,9.6,100,66.6,D,Pass,70.92
334,Student_334,2.0,72,66.4,D,Pass,61.64
92,Student_92,7.4,84,66.4,D,Pass,65.78
504,Student_504,8.3,65,66.4,D,Pass,60.17
230,Student_230,6.7,94,66.4,D,Pass,68.71
895,Student_895,7.0,62,66.3,D,Pass,59.08
165,Student_165,1.8,98,66.3,D,Pass,69.36
376,Student_376,3.9,84,66.2,D,Pass,65.31
647,Student_647,6.3,86,66.1,D,Pass,66.09
337,Student_337,8.7,95,66.0,D,Pass,68.97
89,Student_89,9.0,67,65.9,D,Pass,60.54
771,Student_771,2.0,72,65.9,D,Pass,61.34
229,Student_229,9.0,62,65.9,D,Pass,59.04
645,Student_645,2.1,77,65.8,D,Pass,62.79
780,Student_780,6.8,64,65.8,D,Pass,59.36
761,Student_761,2.4,87,65.8,D,Pass,65.82
365,Student_365,9.5,65,65.8,D,Pass,59.93
517,Student_517,4.4,61,65.6,D,Pass,58.1
121,Student_121,8.3,50,65.6,D,Pass,55.19
590,Student_590,2.4,97,65.4,D,Pass,68.58
345,Student_345,4.6,88,65.3,D,Pass,66.04
749,Student_749,9.2,82,65.3,D,Pass,64.7
706,Student_706,9.9,57,65.3,D,Pass,57.27
511,Student_511,6.5,91,65.1,D,Pass,67.01
727,Student_727,2.3,98,65.1,D,Pass,68.69
412,Student_412,9.6,85,65.1,D,Pass,65.52
132,Student_132,3.0,92,65.0,D,Pass,66.9
307,Student_307,5.6,66,64.8,D,Pass,59.24
127,Student_127,8.4,73,64.8,D,Pass,61.62
403,Student_403,5.5,95,64.7,D,Pass,67.87
445,Student_445,8.3,66,64.7,D,Pass,59.45
707,Student_707,3.9,78,64.7,D,Pass,62.61
349,Student_349,4.4,60,64.6,D,Pass,57.2
790,Student_790,9.5,98,64.6,D,Pass,69.11
935,Student_935,2.5,70,64.5,D,Pass,59.95
887,Student_887,6.9,69,64.5,D,Pass,60.09
936,Student_936,3.5,66,64.4,D,Pass,58.79
958,Student_958,1.4,88,64.3,D,Pass,65.12
952,Student_952,7.0,84,64.2,D,Pass,64.42
65,Student_65,3.5,75,64.2,D,Pass,61.37
279,Student_279,7.3,89,64.1,D,Pass,65.89
847,Student_847,1.8,70,64.1,D,Pass,59.64
24,Student_24,4.3,96,64.0,D,Pass,67.63
80,Student_80,2.0,91,63.9,D,Pass,65.84
693,Student_693,5.6,72,63.8,D,Pass,60.44
487,Student_487,1.4,55,63.8,D,Pass,54.92
46,Student_46,7.0,80,63.8,D,Pass,62.98
854,Student_854,9.1,97,63.7,D,Pass,68.23
705,Student_705,1.6,50,63.7,D,Pass,53.38
306,Student_306,9.8,76,63.5,D,Pass,61.88
823,Student_823,4.0,93,63.4,D,Pass,66.34
807,Student_807,9.4,70,63.3,D,Pass,59.92
881,Student_881,3.1,80,63.2,D,Pass,62.23
824,Student_824,4.6,85,63.1,D,Pass,63.82
804,Student_804,6.5,95,63.1,D,Pass,67.01
723,Student_723,1.6,75,63.0,D,Pass,60.46
351,Student_351,5.5,51,63.0,D,Pass,53.65
207,Student_207,1.9,97,62.9,D,Pass,67.03
58,Student_58,2.8,93,62.8,D,Pass,65.86
587,Student_587,1.7,75,62.8,D,Pass,60.35
477,Student_477,1.7,64,62.8,D,Pass,57.05
156,Student_156,3.2,55,62.6,D,Pass,54.38
877,Student_877,7.4,93,62.5,D,Pass,66.14
778,Student_778,7.5,74,62.5,D,Pass,60.45
774,Student_774,4.6,60,62.3,D,Pass,55.84
228,Student_228,4.5,76,62.3,D,Pass,60.63
82,Student_82,6.6,51,62.1,D,Pass,53.22
126,Student_126,4.8,98,62.1,D,Pass,67.14
301,Student_301,1.5,69,62.1,D,Pass,58.11
295,Student_295,2.1,64,62.1,D,Pass,56.67
794,Student_794,6.5,93,61.9,D,Pass,65.69
355,Student_355,1.6,71,61.7,D,Pass,58.48
669,Student_669,2.7,50,61.7,D,Pass,52.29
735,Student_735,4.2,50,61.7,D,Pass,52.44
41,Student_41,2.1,57,61.6,D,Pass,54.27
966,Student_966,4.2,53,61.5,D,Pass,53.22
535,Student_535,7.9,71,61.5,D,Pass,58.99
286,Student_286,1.3,55,61.3,D,Pass,53.41
731,Student_731,2.5,74,61.3,D,Pass,59.23
311,Student_311,5.0,59,61.3,D,Pass,54.98
190,Student_190,3.2,52,61.2,D,Pass,52.64
550,Student_550,8.0,79,61.1,D,Pass,61.16
192,Student_192,9.1,83,61.0,D,Pass,62.41
423,Student_423,1.8,57,61.0,D,Pass,53.88
938,Student_938,9.2,97,60.9,D,Pass,66.56
19,Student_19,4.9,64,60.9,D,Pass,56.23
545,Student_545,6.6,64,60.9,D,Pass,56.4
404,Student_404,8.4,64,60.8,D,Pass,56.52
68,Student_68,8.2,88,60.8,D,Pass,63.7
841,Student_841,1.1,74,60.8,D,Pass,58.79
783,Student_783,3.3,56,60.8,D,Pass,53.61
697,Student_697,3.6,72,60.7,D,Pass,58.38
756,Student_756,8.1,80,60.6,D,Pass,61.17
837,Student_837,9.2,92,60.5,D,Pass,64.82
788,Student_788,4.6,74,60.4,D,Pass,58.9
825,Student_825,5.8,64,60.4,D,Pass,56.02
687,Student_687,6.1,78,60.3,D,Pass,60.19
225,Student_225,3.4,89,60.3,D,Pass,63.22
329,Student_329,4.8,96,60.1,D,Pass,65.34
356,Student_356,6.8,60,60.1,D,Pass,54.74
538,Student_538,3.2,90,60.1,D,Pass,63.38
2,Student_2,9.6,61,60.0,D,Pass,55.26
675,Student_675,4.7,98,59.9,F,Pass,65.81
457,Student_457,1.1,81,59.8,F,Pass,60.29
336,Student_336,1.4,83,59.7,F,Pass,60.86
296,Student_296,5.7,79,59.6,F,Pass,60.03
1,Student_1,4.4,96,59.5,F,Pass,64.94
153,Student_153,2.3,90,59.5,F,Pass,62.93
557,Student_557,2.2,77,59.5,F,Pass,59.02
960,Student_960,7.6,98,59.3,F,Pass,65.74
991,Student_991,8.2,93,59.1,F,Pass,64.18
772,Student_772,8.6,68,59.1,F,Pass,56.72
646,Student_646,9.0,92,59.0,F,Pass,63.9
493,Student_493,3.5,99,59.0,F,Pass,65.45
163,Student_163,6.7,84,58.9,F,Pass,61.21
531,Student_531,8.3,67,58.9,F,Pass,56.27
816,Student_816,5.7,74,58.8,F,Pass,58.05
791,Student_791,2.4,81,58.7,F,Pass,59.76
90,Student_90,5.2,81,58.7,F,Pass,60.04
711,Student_711,7.8,96,58.6,F,Pass,64.74
118,Student_118,2.7,86,58.4,F,Pass,61.11
764,Student_764,7.7,87,58.4,F,Pass,61.91
63,Student_63,8.5,92,58.3,F,Pass,63.43
603,Student_603,2.6,96,58.3,F,Pass,64.04
298,Student_298,2.9,78,58.3,F,Pass,58.67
45,Student_45,3.3,67,58.3,F,Pass,55.41
571,Student_571,5.6,83,58.2,F,Pass,60.38
110,Student_110,1.7,98,58.2,F,Pass,64.49
39,Student_39,7.2,100,58.2,F,Pass,65.64
833,Student_833,2.3,92,58.1,F,Pass,62.69
614,Student_614,1.7,51,58.1,F,Pass,50.33
945,Student_945,2.9,60,58.0,F,Pass,53.09
617,Student_617,1.5,54,58.0,F,Pass,51.15
910,Student_910,4.4,98,58.0,F,Pass,64.64
266,Student_266,7.7,63,57.9,F,Pass,54.41
362,Student_362,6.8,78,57.9,F,Pass,58.82
191,Student_191,1.8,74,57.8,F,Pass,57.06
616,Student_616,9.3,86,57.8,F,Pass,61.41
920,Student_920,2.3,59,57.7,F,Pass,52.55
204,Student_204,9.1,87,57.7,F,Pass,61.63
750,Student_750,6.6,90,57.7,F,Pass,62.28
953,Student_953,2.6,56,57.7,F,Pass,51.68
217,Student_217,3.9,66,57.6,F,Pass,54.75
596,Student_596,5.3,63,57.5,F,Pass,53.93
812,Student_812,8.6,55,57.4,F,Pass,51.8
821,Student_821,8.2,86,57.3,F,Pass,61.0
238,Student_238,1.2,82,57.2,F,Pass,59.04
482,Student_482,7.3,89,57.2,F,Pass,61.75
986,Student_986,5.5,53,57.1,F,Pass,50.71
878,Student_878,6.9,59,57.1,F,Pass,52.65
605,Student_605,2.1,88,56.9,F,Pass,60.75
387,Student_387,3.5,95,56.9,F,Pass,62.99
955,Student_955,4.8,67,56.9,F,Pass,54.72
564,Student_564,1.1,81,56.8,F,Pass,58.49
594,Student_594,4.1,93,56.8,F,Pass,62.39
679,Student_679,9.7,91,56.8,F,Pass,62.35
913,Student_913,6.6,86,56.7,F,Pass,60.48
995,Student_995,4.2,57,56.6,F,Pass,51.48
673,Student_673,1.7,54,56.6,F,Pass,50.33
496,Student_496,4.2,57,56.6,F,Pass,51.48
868,Student_868,2.6,98,56.5,F,Pass,63.56
704,Student_704,2.2,70,56.5,F,Pass,55.12
763,Student_763,3.2,53,56.5,F,Pass,50.12
360,Student_360,6.2,93,56.4,F,Pass,62.36
984,Student_984,1.7,90,56.3,F,Pass,60.95
392,Student_392,4.7,64,56.3,F,Pass,53.45
838,Student_838,4.3,65,56.2,F,Pass,53.65
324,Student_324,3.5,56,56.2,F,Pass,50.87
200,Student_200,8.0,60,55.9,F,Pass,52.34
40,Student_40,5.0,97,55.8,F,Pass,63.08
388,Student_388,2.6,74,55.7,F,Pass,55.88
364,Student_364,5.9,96,55.6,F,Pass,62.75
135,Student_135,9.5,95,55.6,F,Pass,62.81
834,Student_834,2.6,94,55.6,F,Pass,61.82
413,Student_413,9.6,58,55.6,F,Pass,51.72
578,Student_578,9.3,61,55.6,F,Pass,52.59
718,Student_718,9.7,59,55.5,F,Pass,51.97
455,Student_455,2.0,59,55.5,F,Pass,51.2
416,Student_416,5.0,71,55.4,F,Pass,55.04
166,Student_166,8.5,91,55.3,F,Pass,61.33
427,Student_427,5.0,67,55.1,F,Pass,53.66
243,Student_243,9.2,94,55.1,F,Pass,62.18
391,Student_391,9.9,57,55.0,F,Pass,51.09
1000,Student_1000,5.0,93,54.8,F,Pass,61.28
275,Student_275,5.6,76,54.8,F,Pass,56.24
389,Student_389,7.8,66,54.8,F,Pass,53.46
976,Student_976,3.4,86,54.5,F,Pass,58.84
611,Student_611,1.4,66,54.5,F,Pass,52.64
543,Student_543,3.1,84,54.4,F,Pass,58.15
233,Student_233,6.2,73,54.4,F,Pass,55.16
107,Student_107,4.7,54,54.4,F,Pass,49.31
627,Student_627,5.2,59,54.4,F,Pass,50.86
464,Student_464,6.3,62,54.3,F,Pass,51.81
656,Student_656,2.1,96,54.2,F,Pass,61.53
954,Student_954,9.2,70,53.9,F,Pass,54.26
858,Student_858,5.2,96,53.7,F,Pass,61.54
962,Student_962,6.4,88,53.6,F,Pass,59.2
562,Student_562,2.9,98,53.6,F,Pass,61.85
227,Student_227,9.8,89,53.5,F,Pass,59.78
426,Student_426,5.9,79,53.5,F,Pass,56.39
339,Student_339,5.3,78,53.2,F,Pass,55.85
684,Student_684,7.0,83,53.1,F,Pass,57.46
795,Student_795,1.2,87,53.1,F,Pass,58.08
95,Student_95,7.9,78,53.0,F,Pass,55.99
139,Student_139,4.3,83,52.9,F,Pass,57.07
569,Student_569,9.1,51,52.8,F,Pass,47.89
259,Student_259,6.1,92,52.8,F,Pass,59.89
914,Student_914,4.7,53,52.6,F,Pass,47.93
54,Student_54,9.1,63,52.5,F,Pass,51.31
680,Student_680,8.8,69,52.4,F,Pass,53.02
208,Student_208,7.0,75,52.3,F,Pass,54.58
460,Student_460,2.1,51,52.3,F,Pass,46.89
480,Student_480,5.7,93,52.2,F,Pass,59.79
879,Student_879,1.2,88,52.2,F,Pass,57.84
281,Student_281,9.0,83,52.2,F,Pass,57.12
14,Student_14,2.9,57,52.1,F,Pass,48.65
454,Student_454,9.2,82,52.1,F,Pass,56.78
853,Student_853,2.9,53,52.1,F,Pass,47.45
499,Student_499,9.8,69,52.1,F,Pass,52.94
293,Student_293,8.4,83,52.1,F,Pass,57.0
892,Student_892,8.7,94,52.0,F,Pass,60.27
418,Student_418,4.0,73,51.9,F,Pass,53.44
677,Student_677,2.0,63,51.8,F,Pass,50.18
125,Student_125,3.1,64,51.7,F,Pass,50.53
835,Student_835,5.5,70,51.7,F,Pass,52.57
285,Student_285,6.2,97,51.3,F,Pass,60.5
368,Student_368,9.1,55,51.2,F,Pass,48.13
526,Student_526,5.2,57,51.2,F,Pass,48.34
625,Student_625,6.6,80,51.1,F,Pass,55.32
354,Student_354,2.5,69,51.1,F,Pass,51.61
500,Student_500,9.9,96,51.1,F,Pass,60.45
195,Student_195,4.1,58,51.1,F,Pass,48.47
250,Student_250,8.7,54,50.6,F,Pass,47.43
12,Student_12,9.7,65,50.5,F,Pass,50.77
560,Student_560,6.6,73,50.5,F,Pass,52.86
78,Student_78,1.7,65,50.5,F,Pass,49.97
66,Student_66,5.9,72,50.4,F,Pass,52.43
539,Student_539,5.1,52,50.4,F,Pass,46.35
196,Student_196,4.1,64,50.4,F,Pass,49.85
779,Student_779,7.5,70,50.0,F,Pass,51.75
515,Student_515,1.4,61,50.0,F,Pass,48.44
456,Student_456,5.4,89,49.9,F,Pass,57.18
440,Student_440,1.7,60,49.9,F,Pass,48.11
255,Student_255,2.5,72,49.9,F,Pass,51.79
518,Student_518,8.3,62,49.7,F,Pass,49.25
272,Student_272,8.3,81,49.6,F,Pass,54.89
808,Student_808,9.3,75,49.6,F,Pass,53.19
490,Student_490,9.0,80,49.5,F,Pass,54.6
379,Student_379,8.3,73,49.5,F,Pass,52.43
784,Student_784,4.1,64,49.3,F,Pass,49.19
827,Student_827,4.1,97,49.2,F,Pass,59.03
25,Student_25,5.1,81,49.1,F,Pass,54.27
503,Student_503,3.8,69,49.1,F,Pass,50.54
98,Student_98,4.8,93,49.1,F,Pass,57.84
425,Student_425,1.5,67,49.1,F,Pass,49.71
178,Student_178,4.5,74,49.0,F,Pass,52.05
152,Student_152,3.2,75,49.0,F,Pass,52.22
297,Student_297,7.9,86,48.9,F,Pass,55.93
871,Student_871,4.4,75,48.9,F,Pass,52.28
335,Student_335,1.4,75,48.8,F,Pass,51.92
81,Student_81,8.8,93,48.8,F,Pass,58.06
982,Student_982,7.9,82,48.6,F,Pass,54.55
781,Student_781,7.2,50,48.6,F,Pass,44.88
544,Student_544,7.0,78,48.5,F,Pass,53.2
747,Student_747,4.5,55,48.5,F,Pass,46.05
108,Student_108,7.8,50,48.5,F,Pass,44.88
672,Student_672,9.1,86,48.4,F,Pass,55.75
498,Student_498,1.7,77,48.4,F,Pass,52.31
799,Student_799,7.3,57,48.4,F,Pass,46.87
843,Student_843,2.6,60,48.4,F,Pass,47.3
381,Student_381,2.1,67,48.1,F,Pass,49.17
909,Student_909,3.3,65,48.1,F,Pass,48.69
85,Student_85,3.8,83,48.1,F,Pass,54.14
72,Student_72,2.8,78,48.0,F,Pass,52.48
372,Student_372,1.2,50,48.0,F,Pass,43.92
256,Student_256,6.0,91,47.9,F,Pass,56.64
703,Student_703,4.0,99,47.9,F,Pass,58.84
864,Student_864,5.0,85,47.8,F,Pass,54.68
122,Student_122,9.1,95,47.8,F,Pass,58.09
224,Student_224,4.3,52,47.7,F,Pass,44.65
34,Student_34,9.5,56,47.7,F,Pass,46.37
555,Student_555,8.9,86,47.6,F,Pass,55.25
866,Student_866,6.0,67,47.5,F,Pass,49.2
968,Student_968,3.7,87,47.4,F,Pass,54.91
754,Student_754,4.0,58,47.4,F,Pass,46.24
234,Student_234,5.4,68,47.3,F,Pass,49.32
726,Student_726,8.6,89,47.3,F,Pass,55.94
209,Student_209,1.0,67,47.3,F,Pass,48.58
109,Student_109,3.1,79,47.3,F,Pass,52.39
743,Student_743,7.7,75,47.2,F,Pass,51.59
348,Student_348,1.4,78,47.1,F,Pass,51.8
56,Student_56,9.3,73,47.0,F,Pass,51.03
814,Student_814,9.3,78,47.0,F,Pass,52.53
637,Student_637,5.8,50,46.9,F,Pass,43.72
722,Student_722,2.6,66,46.9,F,Pass,48.2
431,Student_431,2.3,87,46.9,F,Pass,54.47
424,Student_424,5.4,70,46.8,F,Pass,49.62
607,Student_607,2.9,69,46.8,F,Pass,49.07
696,Student_696,6.5,69,46.8,F,Pass,49.43
582,Student_582,9.8,89,46.7,F,Pass,55.7
939,Student_939,2.1,86,46.7,F,Pass,54.03
146,Student_146,1.3,100,46.6,F,Pass,58.09
589,Student_589,2.2,85,46.6,F,Pass,53.68
893,Student_893,8.5,91,46.6,F,Pass,56.11
686,Student_686,6.0,99,46.5,F,Pass,58.2
93,Student_93,7.8,88,46.3,F,Pass,54.96
474,Student_474,9.0,75,46.3,F,Pass,51.18
658,Student_658,4.3,55,46.3,F,Pass,44.71
111,Student_111,3.6,52,46.1,F,Pass,43.62
278,Student_278,6.8,66,46.0,F,Pass,48.08
542,Student_542,6.5,100,46.0,F,Pass,58.25
150,Student_150,3.5,92,45.9,F,Pass,55.49
197,Student_197,7.5,89,45.9,F,Pass,54.99
16,Student_16,2.7,67,45.8,F,Pass,47.85
610,Student_610,7.2,55,45.8,F,Pass,44.7
638,Student_638,3.2,54,45.6,F,Pass,43.88
313,Student_313,1.2,71,45.6,F,Pass,48.78
932,Student_932,8.5,93,45.3,F,Pass,55.93
32,Student_32,2.5,70,45.3,F,Pass,48.43
338,Student_338,7.3,83,45.3,F,Pass,52.81
42,Student_42,5.5,99,45.3,F,Pass,57.43
694,Student_694,3.2,93,45.2,F,Pass,55.34
183,Student_183,9.3,83,45.1,F,Pass,52.89
506,Student_506,2.5,55,45.0,F,Pass,43.75
437,Student_437,1.7,87,44.9,F,Pass,53.21
64,Student_64,4.2,89,44.9,F,Pass,54.06
202,Student_202,1.8,73,44.9,F,Pass,49.02
730,Student_730,2.5,57,44.8,F,Pass,44.23
373,Student_373,1.8,87,44.8,F,Pass,53.16
524,Student_524,8.6,85,44.8,F,Pass,53.24
934,Student_934,5.7,82,44.7,F,Pass,51.99
626,Student_626,4.3,60,44.7,F,Pass,45.25
327,Student_327,6.0,82,44.6,F,Pass,51.96
946,Student_946,1.1,59,44.6,F,Pass,44.57
942,Student_942,6.0,77,44.3,F,Pass,50.28
185,Student_185,3.3,90,44.3,F,Pass,53.91
186,Student_186,6.9,52,44.3,F,Pass,42.87
974,Student_974,2.9,85,44.3,F,Pass,52.37
789,Student_789,5.2,82,44.3,F,Pass,51.7
667,Student_667,3.2,75,44.3,F,Pass,49.4
559,Student_559,7.8,69,44.2,F,Pass,48.0
434,Student_434,1.9,94,44.1,F,Pass,54.85
385,Student_385,7.6,76,44.1,F,Pass,50.02
176,Student_176,2.6,62,44.0,F,Pass,45.26
745,Student_745,3.1,51,44.0,F,Pass,42.01
937,Student_937,1.2,71,44.0,F,Pass,47.82
469,Student_469,3.0,71,43.9,F,Pass,47.94
317,Student_317,4.7,63,43.9,F,Pass,45.71
396,Student_396,9.4,56,43.9,F,Pass,44.08
399,Student_399,7.8,93,43.8,F,Pass,54.96
634,Student_634,5.8,61,43.8,F,Pass,45.16
997,Student_997,9.3,57,43.8,F,Pass,44.31
113,Student_113,9.4,63,43.7,F,Pass,46.06
898,Student_898,9.1,71,43.7,F,Pass,48.43
448,Student_448,7.8,81,43.7,F,Pass,51.3
99,Student_99,1.2,65,43.7,F,Pass,45.84
9,Student_9,6.4,66,43.6,F,Pass,46.6
719,Student_719,2.1,79,43.6,F,Pass,50.07
836,Student_836,4.8,72,43.5,F,Pass,48.18
104,Student_104,5.6,74,43.5,F,Pass,48.86
102,Student_102,6.7,59,43.5,F,Pass,44.47
328,Student_328,6.5,55,43.5,F,Pass,43.25
386,Student_386,8.2,57,43.4,F,Pass,43.96
989,Student_989,3.2,51,43.3,F,Pass,41.6
411,Student_411,3.9,69,43.1,F,Pass,46.95
717,Student_717,8.5,92,43.1,F,Pass,54.31
950,Student_950,6.4,74,43.0,F,Pass,48.64
994,Student_994,6.3,70,42.8,F,Pass,47.31
671,Student_671,2.6,55,42.7,F,Pass,42.38
753,Student_753,6.6,62,42.6,F,Pass,44.82
254,Student_254,3.9,80,42.6,F,Pass,49.95
591,Student_591,2.2,79,42.5,F,Pass,49.42
182,Student_182,2.0,86,42.5,F,Pass,51.5
214,Student_214,3.0,77,42.5,F,Pass,48.9
855,Student_855,2.8,95,42.4,F,Pass,54.22
805,Student_805,4.8,58,42.3,F,Pass,43.26
168,Student_168,2.7,99,42.3,F,Pass,55.35
38,Student_38,1.9,58,42.2,F,Pass,42.91
685,Student_685,9.4,74,42.2,F,Pass,48.46
629,Student_629,1.3,63,42.1,F,Pass,44.29
291,Student_291,1.3,90,42.1,F,Pass,52.39
570,Student_570,4.1,64,42.0,F,Pass,44.81
398,Student_398,4.9,78,42.0,F,Pass,49.09
806,Student_806,7.6,52,41.9,F,Pass,41.5
801,Student_801,7.4,63,41.7,F,Pass,44.66
468,Student_468,8.8,75,41.6,F,Pass,48.34
357,Student_357,1.2,76,41.6,F,Pass,47.88
785,Student_785,2.6,70,41.5,F,Pass,46.16
358,Student_358,6.3,52,41.5,F,Pass,41.13
84,Student_84,1.6,91,41.5,F,Pass,52.36
809,Student_809,5.1,57,41.4,F,Pass,42.45
406,Student_406,9.1,79,41.3,F,Pass,49.39
201,Student_201,6.8,83,41.3,F,Pass,50.36
134,Student_134,4.0,88,41.2,F,Pass,51.52
904,Student_904,6.2,59,41.1,F,Pass,42.98
600,Student_600,1.4,87,41.1,F,Pass,50.9
921,Student_921,8.8,74,40.9,F,Pass,47.62
519,Student_519,9.9,74,40.8,F,Pass,47.67
748,Student_748,5.9,58,40.7,F,Pass,42.41
131,Student_131,4.8,86,40.7,F,Pass,50.7
140,Student_140,9.7,74,40.7,F,Pass,47.59
187,Student_187,8.4,77,40.7,F,Pass,48.36
274,Student_274,9.2,95,40.6,F,Pass,53.78
737,Student_737,4.5,80,40.6,F,Pass,48.81
683,Student_683,2.5,92,40.5,F,Pass,52.15
916,Student_916,4.9,73,40.5,F,Pass,46.69
682,Student_682,3.3,73,40.3,F,Pass,46.41
289,Student_289,3.6,56,40.3,F,Pass,41.34
999,Student_999,9.6,52,40.2,F,Pass,40.68
309,Student_309,8.2,71,40.2,F,Pass,46.24
715,Student_715,4.1,50,40.1,F,Pass,39.47
992,Student_992,7.3,76,40.0,F,Pass,47.53
